No  ,  Email
1  ,  info@tworiversinn.com
2  ,  offsoho@gmail.com
3  ,  www.DaybreakHaven@msn.com
4  ,  peachesinn@gmail.com
5  ,  tidewater6322@aol.com
6  ,  heavenlypho@gmail.com
7  ,  info@villabrasilmotel.com
8  ,  innkeeper@thelightkeepersinn.com
9  ,  info@coppervalleyresort.com
10  ,  thesavannahhouseinn@yahoo.com
11  ,  kathy@meandering-moose-lodging.com
12  ,  liarscoveresort@yahoo.com
13  ,  rosewoodmanor1@yahoo.com
14  ,  kastorga@suttoncourt.com
15  ,  innkeeper@cameorose.com
16  ,  info@mountainspiritinn.com
17  ,  stevenpknight@netzero.net
18  ,  Reservations@deerfieldinnfairiview.com
19  ,  info@theinnatgreatneck.com
20  ,  info@mauisunseeker.com
21  ,  bookings@clydemount.co.uk
